ID,question,facts,results,precision,recall,F-score
10000,['Which comic characters are painted by Bill Finger?'],"['http://dbpedia.org/ontology/creator,http://dbpedia.org/ontology/ComicsCharacter,']",[' [        "http://dbpedia.org/ontology/creator"    ]'],['0.5'],['0.5'],
10001,['Was winston churchill the prime minister of Selwyn Lloyd?'],"['http://dbpedia.org/ontology/primeMinister,']",[' [        "http://dbpedia.org/ontology/primeMinister"    ]'],['1.0'],['1.0'],
10002,['Name some leaders of the parent organisation of the Gestapo?'],"['http://dbpedia.org/ontology/parentOrganisation,http://dbpedia.org/ontology/leader,']","[' [        ""http://dbpedia.org/ontology/parentOrganisation"",         ""http://dbpedia.org/ontology/leader""    ]']",['1.0'],['1.0'],
10003,['Name the municipality of Roberto Clemente Bridge ?'],"['http://dbpedia.org/ontology/municipality,']",[' [        "http://dbpedia.org/ontology/municipality"    ]'],['1.0'],['1.0'],
10004,['In which monarch did Li Si succeed someone?'],"['http://dbpedia.org/ontology/successor,http://dbpedia.org/ontology/monarch,']","[' [        ""http://dbpedia.org/ontology/monarch"",         ""http://dbpedia.org/ontology/president""    ]']",['0.5'],['0.5'],
10005,['Where was the designer of REP Parasol born?'],"['http://dbpedia.org/ontology/designer,http://dbpedia.org/ontology/birthPlace,']",[' [        "http://dbpedia.org/ontology/designer"    ]'],['1.0'],['1.0'],
,,,,,,
10007,['How many shows does HBO have?'],"['http://dbpedia.org/ontology/company,http://dbpedia.org/ontology/TelevisionShow,']",[' [        "http://dbpedia.org/ontology/developer"    ]'],['0.0'],['0.0'],
10008,['Is Nikolai Morozov the former coach of Stanislav Morozov?'],"['http://dbpedia.org/ontology/formerCoach,']",[' [        "http://dbpedia.org/ontology/formerCoach"    ]'],['1.0'],['1.0'],
10009,['On how many different grounds were seasons chaired by Ronaldo held?'],"['http://dbpedia.org/ontology/chairman,http://dbpedia.org/ontology/ground,']",[' [        "http://dbpedia.org/ontology/chairman"    ]'],['1.0'],['1.0'],
,,,,,,
10011,['What is the operator of SR class 3Sub ?'],"['http://dbpedia.org/ontology/operator,']",[' [        "http://dbpedia.org/ontology/operator"    ]'],['1.0'],['1.0'],
,,,,,,
,,,,,,
10014,['Is north america one of the destinations of airtours airways?'],"['http://dbpedia.org/ontology/destination,']",[' [        "http://dbpedia.org/ontology/destination"    ]'],['1.0'],['1.0'],
,,,,,,
10016,['Was Kevin Jonas a part of Jonas brothers?'],"['http://dbpedia.org/ontology/formerBandMember,']",[' [        "http://dbpedia.org/ontology/associatedMusicalArtist"    ]'],['0.0'],['0.0'],
10017,"['Which kind of conventions are held in Rosemont, Illinois?']","['http://dbpedia.org/ontology/location,http://dbpedia.org/property/genre,http://dbpedia.org/ontology/Convention,']",[' [        "http://dbpedia.org/ontology/deathPlace"    ]'],['0.5'],['1.0'],
10018,['How many books have been penned by Miguel de Cervantes?'],"['http://dbpedia.org/ontology/author,http://dbpedia.org/ontology/Book,']",[' [        "http://dbpedia.org/property/wordnet_type"    ]'],['0.0'],['0.0'],
10019,"['What are the schools whose city is Reading, Berkshire?']","['http://dbpedia.org/ontology/city,']",[' [        "http://dbpedia.org/property/city"    ]'],['0.5'],['1.0'],
10020,['Does the west thurrock come under Essex county?'],"['http://dbpedia.org/ontology/ceremonialCounty,']",[' [        "http://dbpedia.org/property/county"    ]'],['0.0'],['0.0'],
10021,['How many people have headed organizations headquartered at Niederkirchnerstrae?'],"['http://dbpedia.org/ontology/headquarter,http://dbpedia.org/ontology/leader,']",[],,,
10022,['In which television shows have Steven Moffat served as an executive producer?'],"['http://dbpedia.org/ontology/executiveProducer,http://dbpedia.org/ontology/TelevisionShow,']",[' [        "http://dbpedia.org/ontology/producer"    ]'],['0.5'],['1.0'],
10023,['How many services does 21Vianet provide?'],"['http://dbpedia.org/property/services,']",[],,,
10024,['What company involved in the development of Sherlock did Arthur Levinson work for?'],"['http://dbpedia.org/ontology/occupation,http://dbpedia.org/ontology/developer,']","[' [        ""http://dbpedia.org/ontology/birthPlace"",         ""http://dbpedia.org/ontology/almaMater""    ]']",['0.0'],['0.0'],
10025,['What is the style of architecture of South Loop Printing House District ?'],"['http://dbpedia.org/ontology/architecturalStyle,']",[' [        "http://dbpedia.org/ontology/deathPlace"    ]'],['0.0'],['0.0'],
10026,['Is Ombla originate in Croatia?'],"['http://dbpedia.org/ontology/sourceMountain,']",[' [        "http://dbpedia.org/ontology/routeStart"    ]'],['0.0'],['0.0'],
10027,['Was Ganymede discovered by Galileo Galilei?'],"['http://dbpedia.org/property/discoverer,']",[],,,
10028,["Who is the producer of the song which is the previous work of He's a Liar ?"],"['http://dbpedia.org/ontology/previousWork,http://dbpedia.org/ontology/producer,http://dbpedia.org/ontology/Song,']","[' [        ""http://dbpedia.org/ontology/producer"",         ""http://dbpedia.org/ontology/previousWork""    ]']",['1.0'],['1.0'],
10029,['Who gave the voice for Allen Walker ?'],"['http://dbpedia.org/ontology/voice,']",[' [        "http://dbpedia.org/ontology/voice"    ]'],['1.0'],['1.0'],
10030,['Who is associated to Publius Servilius Vatia Isauricus  and Marcus Calpurnius Bibulus?'],"['http://dbpedia.org/ontology/associate,http://dbpedia.org/ontology/associate,']",[' [        "http://dbpedia.org/ontology/associate"    ]'],['1.0'],['1.0'],
10031,['Which country has given citizenship to both saima chowdhury and edmund john?'],"['http://dbpedia.org/ontology/citizenship,http://dbpedia.org/ontology/citizenship,']","[' [        ""http://dbpedia.org/ontology/citizenship"",         ""http://dbpedia.org/ontology/nationality""    ]']",['1.0'],['1.0'],
10032,['Who is the person that first ascented the Cathedral Peak and Mount Hoffmann?'],"['http://dbpedia.org/ontology/firstAscentPerson,']",[' [        "http://dbpedia.org/ontology/birthPlace"    ]'],['0.0'],['0.0'],
10033,['What university campuses are situated in Indiana?'],"['http://dbpedia.org/ontology/campus,http://dbpedia.org/ontology/University,']",[' [        "http://dbpedia.org/ontology/campus"    ]'],['1.0'],['1.0'],
10034,['Where is the swedish covenant hospital?'],"['http://dbpedia.org/ontology/location,']",[' [        "http://dbpedia.org/ontology/country"    ]'],['0.5'],['1.0'],
10035,['Which composer of Girl from the North Country is the subsequent work of the Moondog Matinee?'],"['http://dbpedia.org/ontology/composer,http://dbpedia.org/ontology/subsequentWork,']","[' [        ""http://dbpedia.org/ontology/composer"",         ""http://dbpedia.org/ontology/subsequentWork""    ]']",['1.0'],['1.0'],
10036,['Name the members of  boards of Freedom of the City and Trinity House?'],"['http://dbpedia.org/ontology/board,http://dbpedia.org/ontology/board,']",[' [        "http://dbpedia.org/ontology/board"    ]'],['1.0'],['1.0'],
10037,['Was Reza Amrollahi born in Iran?'],"['http://dbpedia.org/property/birthplace,']",[],,,
10038,['In which war did Roh Tae Woo and Lee Leffingwell fight?'],"['http://dbpedia.org/ontology/battle,http://dbpedia.org/ontology/battle,']",[' [        "http://dbpedia.org/ontology/battle"    ]'],['1.0'],['1.0'],
10039,['What can be cooked out of things belonging to the order Sapindales?'],"['http://dbpedia.org/ontology/order,http://dbpedia.org/ontology/ingredient,']",[' [        "http://dbpedia.org/ontology/order"    ]'],['1.0'],['1.0'],
10040,['How many  TV shows were made by someone who was associated with Lewis Hamilton?'],"['http://dbpedia.org/ontology/associatedBand,http://dbpedia.org/property/creator,http://dbpedia.org/ontology/TelevisionShow,']",[' [        "http://dbpedia.org/ontology/associatedBand"    ]'],['1.0'],['1.0'],
10041,['Name the alma mater of Michael hahn ?'],"['http://dbpedia.org/ontology/almaMater,']",[' [        "http://dbpedia.org/property/wordnet_type"    ]'],['0.0'],['0.0'],
10042,['How many party leaders are there whose parties are headquartered in Berlin?'],"['http://dbpedia.org/ontology/headquarter,http://dbpedia.org/ontology/leader,http://dbpedia.org/ontology/Politician,']",[' [        "http://dbpedia.org/ontology/headquarter"    ]'],['1.0'],['1.0'],
10043,['How many total religions are followed by people whose hometown is somewhere in India?'],"['http://dbpedia.org/ontology/hometown,http://dbpedia.org/property/religion,']",[' [        "http://dbpedia.org/property/birthPlace"    ]'],['0.0'],['0.0'],
10044,['Did Gwo Ka originate in Western Africa?'],"['http://dbpedia.org/property/stylisticOrigins,']",[],,,
10045,['Give me the total number of commander of the military conflicts whose commander is Roundhead (Wyandot).'],"['http://dbpedia.org/property/commander,http://dbpedia.org/ontology/commander,']",[' [        "http://dbpedia.org/ontology/commander"    ]'],['1.0'],['1.0'],
10046,["Which country's leader is David Johnston?"],"['http://dbpedia.org/ontology/leader,http://dbpedia.org/ontology/Country,']",[' [        "http://dbpedia.org/ontology/leader"    ]'],['1.0'],['1.0'],
10047,['How many factions have fought in wars where Francois Marie Le Marchand de Lignery was involved?'],"['http://dbpedia.org/ontology/battle,http://dbpedia.org/property/combatant,http://dbpedia.org/ontology/MilitaryConflict,']",[],,,
10048,['Where was Antonio Giannini born?'],"['http://dbpedia.org/ontology/birthPlace,']",[' [        "http://dbpedia.org/ontology/birthPlace"    ]'],['1.0'],['1.0'],
10049,['Where was David Scherman trained ?'],"['http://dbpedia.org/ontology/training,']",[' [        "http://dbpedia.org/ontology/birthPlace"    ]'],['0.0'],['0.0'],
10050,['What religions do politicians in the Korean Minjoo Party follow?'],"['http://dbpedia.org/ontology/party,http://dbpedia.org/ontology/religion,http://dbpedia.org/ontology/OfficeHolder,']",[' [        "http://dbpedia.org/ontology/party"    ]'],['1.0'],['1.0'],
10051,['Give me the total number of employer of the engineers whose one of the employer is McDonnell Aircraft ?'],"['http://dbpedia.org/ontology/employer,http://dbpedia.org/ontology/employer,']",[' [        "http://dbpedia.org/ontology/employer"    ]'],['1.0'],['1.0'],
10052,"['What were the major actions taken by the politicians living in Gales Ferry, Connecticut?']","['http://dbpedia.org/ontology/residence,http://dbpedia.org/ontology/battle,http://dbpedia.org/ontology/Politician,']",[' [        "http://dbpedia.org/ontology/birthPlace"    ]'],['0.0'],['0.0'],
10053,"['Where was Live in Detroit, MI recorded ?']","['http://dbpedia.org/ontology/recordedIn,']",[' [        "http://dbpedia.org/ontology/artist"    ]'],['0.0'],['0.0'],
10054,['who all have been a manager of english under twenty one football team?'],"['http://dbpedia.org/property/managerclubs,']",[' [        "http://dbpedia.org/ontology/managerClub"    ]'],['0.0'],['0.0'],
10055,['What awards have been won by the executive producer of Timmy Time ?'],"['http://dbpedia.org/ontology/executiveProducer,http://dbpedia.org/ontology/award,']",[' [        "http://dbpedia.org/ontology/producer"    ]'],['0.5'],['1.0'],
10056,"[""Count all those who've played for the youth club which owns the Rosario, Santa Fe stadium.""]","['http://dbpedia.org/property/ground,http://dbpedia.org/property/youthclubs,']",[],,,
10057,['What are some families of mammals in the animal kingdom?'],"['http://dbpedia.org/ontology/kingdom,http://dbpedia.org/ontology/family,http://dbpedia.org/ontology/Mammal,']",[' [        "http://dbpedia.org/ontology/kingdom"    ]'],['1.0'],['1.0'],
10058,['Count all the different purposes followed by the different NGOs.'],"['http://dbpedia.org/property/type,http://dbpedia.org/property/purpose,']",[' [        "http://dbpedia.org/ontology/projectCoordinator"    ]'],['0.0'],['0.0'],
,,,,,,
10060,['Did Steve Sampson manage a club of Santa Clara university'],"['http://dbpedia.org/ontology/managerClub,']",[' [        "http://dbpedia.org/property/club"    ]'],['0.0'],['0.0'],
10061,['List all the layouts of the automobile whose one of the layout is four-wheel-drive layout ?'],"['http://dbpedia.org/ontology/layout,http://dbpedia.org/ontology/layout,http://dbpedia.org/ontology/Automobile,']","[' [        ""http://dbpedia.org/ontology/layout"",         ""http://purl.org/dc/terms/subject""    ]']",['1.0'],['1.0'],
10062,['In which time zone is Pong Pha?'],"['http://dbpedia.org/ontology/timeZone,']",[' [        "http://dbpedia.org/ontology/country"    ]'],['0.0'],['0.0'],
10063,['What is the alma mater of the Angela Trusty and Charles Ayres?'],"['http://dbpedia.org/ontology/almaMater,http://dbpedia.org/ontology/almaMater,']",[' [        "http://dbpedia.org/ontology/occupation"    ]'],['0.0'],['0.0'],
10064,['How many rivers start in an English speaking country?'],"['http://dbpedia.org/ontology/officialLanguage,http://dbpedia.org/ontology/sourceCountry,http://dbpedia.org/ontology/River,']",[' [        "http://dbpedia.org/ontology/country"    ]'],['0.0'],['0.0'],
10065,['Where are Aureus and Solidus used as currency?'],"['http://dbpedia.org/ontology/currency,http://dbpedia.org/ontology/currency,']",[' [        "http://dbpedia.org/ontology/currency"    ]'],['1.0'],['1.0'],
,,,,,,
10067,['Was Tim Gunn a guest on The Broken Code?'],"['http://dbpedia.org/property/guests,']",[' [        "http://dbpedia.org/ontology/guest"    ]'],['0.0'],['0.0'],
10068,['In how many nations can I find dishes made of Shallot?'],"['http://dbpedia.org/ontology/ingredient,http://dbpedia.org/ontology/country,http://dbpedia.org/ontology/Country,']",[' [        "http://dbpedia.org/property/note"    ]'],['0.0'],['0.0'],
10069,['What system is both a platform where Nord runs and also distributed The beauty inside?'],"['http://dbpedia.org/ontology/computingPlatform,http://dbpedia.org/ontology/distributor,']","[' [        ""http://dbpedia.org/ontology/distributor"",         ""http://dbpedia.org/ontology/computingPlatform""    ]']",['1.0'],['1.0'],
10070,['Is Tirana the largest city of Albania?'],"['http://dbpedia.org/property/largestCity,']",[],,,
,,,,,,
10072,['Who were all the people in office when bob hawke was the PM?'],"['http://dbpedia.org/ontology/primeMinister,']",[' []'],['0.0'],['0.0'],
10073,['Which sports are played at institues in Taguig?'],"['http://dbpedia.org/ontology/city,http://dbpedia.org/ontology/sport,http://dbpedia.org/ontology/EducationalInstitution,']",[' [        "http://dbpedia.org/ontology/birthPlace"    ]'],['0.0'],['0.0'],
10074,['Raymond Johansen is the mayor of what city?'],"['http://dbpedia.org/ontology/leaderName,']",[' [        "http://dbpedia.org/ontology/residence"    ]'],['0.0'],['0.0'],
10075,['What is the nation of the speedway league where Ikaros Smederna played?'],"['http://dbpedia.org/ontology/league,http://dbpedia.org/ontology/country,http://dbpedia.org/ontology/SpeedwayLeague,']",[' [        "http://dbpedia.org/ontology/league"    ]'],['1.0'],['1.0'],
10076,['What are the kind of games one can play on windows?'],"['http://dbpedia.org/ontology/computingPlatform,http://dbpedia.org/ontology/genre,http://dbpedia.org/ontology/VideoGame,']",[' [        "http://dbpedia.org/ontology/computingPlatform"    ]'],['1.0'],['1.0'],
10077,['Count the number of sports played by schools which play hockey ?'],"['http://dbpedia.org/ontology/sport,http://dbpedia.org/ontology/sport,']","[' [        ""http://dbpedia.org/property/athletics"",         ""http://dbpedia.org/ontology/sport""    ]']",['1.0'],['1.0'],
10078,['What is the common school of Chris Marve and Neria Douglass?'],"['http://dbpedia.org/ontology/school,http://dbpedia.org/ontology/almaMater,']","[' [        ""http://dbpedia.org/property/school"",         ""http://dbpedia.org/ontology/school""    ]']",['0.5'],['0.5'],
,,,,,,
10080,['Rivers from which countries flow into the Caspian?'],"['http://dbpedia.org/ontology/riverMouth,http://dbpedia.org/ontology/sourceCountry,http://dbpedia.org/ontology/River,']",[' [        "http://dbpedia.org/ontology/country"    ]'],['0.0'],['0.0'],
10081,"['Name the military unit whose garrison is Arlington County, Virginia and command structure is United States Department of Defense?']","['http://dbpedia.org/ontology/garrison,http://dbpedia.org/ontology/commandStructure,http://dbpedia.org/ontology/MilitaryUnit,']","[' [        ""http://dbpedia.org/ontology/garrison"",         ""http://dbpedia.org/ontology/militaryBranch""    ]']",['0.5'],['0.5'],
10082,['what are some devices made by asus?'],"['http://dbpedia.org/ontology/manufacturer,http://dbpedia.org/ontology/InformationAppliance,']",[' [        "http://dbpedia.org/ontology/president"    ]'],['0.0'],['0.0'],
10083,['Count the number of people who graduated from universities affiliated with the NCAA.'],"['http://dbpedia.org/ontology/athletics,http://dbpedia.org/property/education,http://dbpedia.org/ontology/Person,']",[' [        "http://dbpedia.org/property/free"    ]'],['0.0'],['0.0'],
10084,['Is Queen Latifah associated with Afrika Baby Bam?'],"['http://dbpedia.org/ontology/associatedBand,']",[' [        "http://dbpedia.org/ontology/associatedBand"    ]'],['1.0'],['1.0'],
,,,,,,
,,,,,,
,,,,,,
10088,['Name the major shrine of Bogumilus?'],"['http://dbpedia.org/ontology/majorShrine,']",[' [        "http://dbpedia.org/ontology/majorShrine"    ]'],['1.0'],['1.0'],
,,,,,,
,,,,,,
,,,,,,
10092,['How many battles have involved commanders of 1st Free French Division?'],"['http://dbpedia.org/property/notableCommanders,http://dbpedia.org/property/battles,']",[],,,
10093,['Count the number of cities on the Mediterranean Sea?'],"['http://dbpedia.org/property/cities,']",[],,,
,,,,,,
,,,,,,
,,,,,,
10097,['Was Jack Ryan a nominee of US Senate?'],"['http://dbpedia.org/ontology/nominee,']",[],,,
,,,,,,
,,,,,,
,,,,,,
,,,,,,
10102,['What are the border of High Desert (Oregon)?'],"['http://dbpedia.org/ontology/border,']",[' [        "http://dbpedia.org/ontology/border"    ]'],['1.0'],['1.0'],
10103,['What all is owned by a company one of whose division is Paramount Domestic Television?'],"['http://dbpedia.org/ontology/division,http://dbpedia.org/property/company,']",[' [        "http://dbpedia.org/ontology/division"    ]'],['1.0'],['1.0'],
,,,,,,
10105,['The authors of Zhorstoke nebo was influenced by whom ?'],"['http://dbpedia.org/ontology/author,http://dbpedia.org/ontology/influencedBy,']",[' [        "http://dbpedia.org/ontology/previousWork"    ]'],['0.5'],['1.0'],
10106,['Name the largest city in the county where there is a Cy-Fair High School.'],"['http://dbpedia.org/ontology/county,http://dbpedia.org/ontology/largestCity,']",[' [        "http://dbpedia.org/ontology/city"    ]'],['0.5'],['1.0'],
10107,['Name the common associate band of Blayse and Teddy Riley ?'],"['http://dbpedia.org/ontology/associatedBand,http://dbpedia.org/ontology/associatedBand,']","[' [        ""http://dbpedia.org/ontology/producer"",         ""http://dbpedia.org/ontology/associatedMusicalArtist""    ]']",['0.0'],['0.0'],
10108,['Who is the performer of album which has the song "To Where You Are" ?'],"['http://dbpedia.org/ontology/album,http://dbpedia.org/ontology/artist,']",[' [        "http://dbpedia.org/ontology/album"    ]'],['1.0'],['1.0'],
,,,,,,
,,,,,,
,,,,,,
,,,,,,
,,,,,,
10114,['What is the leader name of the settlements whose governing body is Municipal council?'],"['http://dbpedia.org/ontology/governingBody,http://dbpedia.org/ontology/leaderName,http://dbpedia.org/ontology/Settlement,']",[' [        "http://dbpedia.org/ontology/governingBody"    ]'],['1.0'],['1.0'],
10115,['What is the major shrine of Jacques-Dsir Laval ?'],"['http://dbpedia.org/ontology/majorShrine,']",[],,,
10116,['Count the number of actors in Lucy Sullivan Is Getting Married.'],"['http://dbpedia.org/property/starring,']",[],,,
10117,['To which series does the character of Londo Mollari belong?'],"['http://dbpedia.org/ontology/series,']",[' [        "http://dbpedia.org/ontology/series"    ]'],['1.0'],['1.0'],
,,,,,,
10119,['Rashid Behbudov State Song Theatre and Baku Puppet Theatre can be found in which country?'],"['http://dbpedia.org/ontology/locationCountry,http://dbpedia.org/ontology/locationCountry,']","[' [        ""http://dbpedia.org/ontology/locationCountry"",         ""http://dbpedia.org/ontology/birthPlace""    ]']",['1.0'],['1.0'],
,,,,,,
,,,,,,
,,,,,,
10123,['Who are the politicians whose death place is Ontario?'],"['http://dbpedia.org/ontology/deathPlace,http://dbpedia.org/ontology/Politician,']",[' [        "http://dbpedia.org/property/deathPlace"    ]'],['0.5'],['1.0'],
10124,['Does the US route 281 have a junction at San Antonio?'],"['http://dbpedia.org/property/junction,']",[],,,
10125,['Name the company whose one of the product is Pixar Image Computer and has one of the key person as Edwin Catmull?'],"['http://dbpedia.org/ontology/product,http://dbpedia.org/ontology/keyPerson,http://dbpedia.org/ontology/Company,']","[' [        ""http://dbpedia.org/ontology/product"",         ""http://dbpedia.org/ontology/keyPerson""    ]']",['1.0'],['1.0'],
10126,['Give me a count of royalties buried in Rome ?'],"['http://dbpedia.org/property/placeOfBurial,http://dbpedia.org/ontology/Royalty,']",[],,,
10127,['What is the route junction of Rhode Island Route 15 ?'],"['http://dbpedia.org/ontology/routeJunction,']",[' [        "http://dbpedia.org/ontology/routeJunction"    ]'],['1.0'],['1.0'],
10128,['Which executive producer of the ultimate merger is also an important person at Trump Productions?'],"['http://dbpedia.org/ontology/executiveProducer,http://dbpedia.org/ontology/keyPerson,']","[' [        ""http://dbpedia.org/ontology/producer"",         ""http://dbpedia.org/ontology/executiveProducer""    ]']",['0.5'],['0.5'],
10129,['Is KOMC-FM the sister station of KOMC (AM)?'],"['http://dbpedia.org/ontology/sisterStation,']",[' [        "http://dbpedia.org/ontology/sisterStation"    ]'],['1.0'],['1.0'],
,,,,,,
10131,['Which awards are presented by Swedish Academy?'],"['http://dbpedia.org/ontology/presenter,http://dbpedia.org/ontology/Award,']",[' [        "http://dbpedia.org/ontology/award"    ]'],['0.0'],['0.0'],
10132,['List the awards won by the fashion designer which have been recognized by Tennessee State Museum ?'],"['http://dbpedia.org/ontology/award,http://dbpedia.org/ontology/award,http://dbpedia.org/ontology/FashionDesigner,']","[' [        ""http://dbpedia.org/ontology/award"",         ""http://dbpedia.org/ontology/birthPlace""    ]']",['1.0'],['1.0'],
,,,,,,
,,,,,,
,,,,,,
,,,,,,
10137,["How many people are known for Dragons' Den?"],"['http://dbpedia.org/ontology/knownFor,']",[' [        "http://dbpedia.org/property/country"    ]'],['0.0'],['0.0'],
,,,,,,
10139,['In which state is the Channel district?'],"['http://dbpedia.org/ontology/state,']",[' [        "http://dbpedia.org/ontology/district"    ]'],['0.0'],['0.0'],
10140,['Name the religious affiliation of Vagif Aliyev ?'],"['http://dbpedia.org/ontology/religion,']",[' [        "http://dbpedia.org/ontology/occupation"    ]'],['0.0'],['0.0'],
10141,['Count the number of characters of the play whose one of the character is Catwoman ?'],"['http://dbpedia.org/property/characters,http://dbpedia.org/property/characters,']",[],,,
10142,['Is Bacillus belong to the domain Bacteria?'],"['http://dbpedia.org/property/domain,']",[' [        "http://dbpedia.org/ontology/domain"    ]'],['0.5'],['1.0'],
,,,,,,
,,,,,,
,,,,,,
10146,['How many writers speak a language belonging to the Germanic kind of languages?'],"['http://dbpedia.org/ontology/languageFamily,http://dbpedia.org/property/language,http://dbpedia.org/ontology/Writer,']","[' [        ""http://dbpedia.org/property/language"",         ""http://dbpedia.org/ontology/language""    ]']",['0.5'],['0.5'],
,,,,,,
,,,,,,
10149,['How many maintainers are there of the bridges that can carry motor vehicles over them?'],"['http://dbpedia.org/property/carries,http://dbpedia.org/ontology/maintainedBy,']",[],,,
,,,,,,
10151,['What city is the residence of Cheryl Teigs?'],"['http://dbpedia.org/ontology/residence,']",[' [        "http://dbpedia.org/ontology/residence"    ]'],['1.0'],['1.0'],
,,,,,,
10153,['Name the nearest city to  Lake Victoria?'],"['http://dbpedia.org/ontology/nearestCity,']",[' [        "http://dbpedia.org/ontology/nearestCity"    ]'],['1.0'],['1.0'],
,,,,,,
10155,['Eric roth wrote how many screenplays?'],"['http://dbpedia.org/property/screenplay,']",[],,,
10156,['How many have been awarded by the Royal Society?'],"['http://dbpedia.org/property/awards,']",[],,,
10157,['Who are the opponents of Gervase Helwys?'],"['http://dbpedia.org/ontology/opponent,']",[' [        "http://dbpedia.org/ontology/opponent"    ]'],['1.0'],['1.0'],
,,,,,,
10159,["Which magazine's publisher is Jann Wenner and founded by Ralph J. Gleason?"],"['http://dbpedia.org/ontology/publisher,http://dbpedia.org/ontology/founder,http://dbpedia.org/ontology/Magazine,']","[' [        ""http://dbpedia.org/ontology/publisher"",         ""http://dbpedia.org/ontology/foundedBy""    ]']",['0.5'],['0.5'],
10160,["Which television show's network  is BBC HD and is related to Doctor Who Confidential?"],"['http://dbpedia.org/ontology/network,http://dbpedia.org/ontology/related,http://dbpedia.org/ontology/TelevisionShow,']","[' [        ""http://dbpedia.org/ontology/network"",         ""http://dbpedia.org/ontology/related""    ]']",['1.0'],['1.0'],
10161,['What is the life stance of the ethnic groups related to Micronesia ?'],"['http://dbpedia.org/ontology/related,http://dbpedia.org/ontology/religion,http://dbpedia.org/ontology/EthnicGroup,']",[' [        "http://dbpedia.org/ontology/related"    ]'],['1.0'],['1.0'],
10162,['What is the magazine which have been  founded by Ralph J. Gleason?'],"['http://dbpedia.org/ontology/founder,http://dbpedia.org/ontology/Magazine,']",[' [        "http://dbpedia.org/ontology/foundedBy"    ]'],['0.0'],['0.0'],
10163,['Which river ends at  Thames Estuary and North Sea?'],"['http://dbpedia.org/ontology/riverMouth,http://dbpedia.org/ontology/riverMouth,http://dbpedia.org/ontology/River,']","[' [        ""http://dbpedia.org/ontology/riverMouth"",         ""http://dbpedia.org/property/country""    ]']",['1.0'],['1.0'],
10164,['Count the number of sports team members  which have player named Matt Williams ?'],"['http://dbpedia.org/property/name,http://dbpedia.org/property/name,']",[],,,
10165,['How many other awards have been given to people who have won the Golden Globe?'],"['http://dbpedia.org/ontology/award,http://dbpedia.org/property/awards,http://dbpedia.org/ontology/Award,']",[' [        "http://dbpedia.org/ontology/award"    ]'],['1.0'],['1.0'],
10166,["Does Mr. Jim's Pizza operate in the pizza industry?"],"['http://dbpedia.org/ontology/industry,']",[' [        "http://dbpedia.org/ontology/industry"    ]'],['1.0'],['1.0'],
10167,['How many other field are there of the scientists whose one of the field is Mathematics ?'],"['http://dbpedia.org/ontology/field,http://dbpedia.org/ontology/field,']","[' [        ""http://dbpedia.org/ontology/field"",         ""http://dbpedia.org/property/field""    ]']",['1.0'],['1.0'],
10168,['Who had  Joe Purcell and Winston Bryant as lieutenants ?'],"['http://dbpedia.org/ontology/lieutenant,http://dbpedia.org/ontology/lieutenant,']","[' [        ""http://dbpedia.org/ontology/lieutenant"",         ""http://dbpedia.org/ontology/militaryBranch""    ]']",['1.0'],['1.0'],
,,,,,,
10170,['How many sports are played in organizations presided by Emanuel de Guzman?'],"['http://dbpedia.org/ontology/president,http://dbpedia.org/ontology/sport,http://dbpedia.org/ontology/Sport,']",[' [        "http://dbpedia.org/ontology/keyPerson"    ]'],['0.0'],['0.0'],
,,,,,,
,,,,,,
,,,,,,
,,,,,,
,,,,,,
10176,['Name few companies founded in Texas?'],"['http://dbpedia.org/ontology/foundationPlace,http://dbpedia.org/ontology/Company,']",[' [        "http://dbpedia.org/property/party"    ]'],['0.0'],['0.0'],
,,,,,,
,,,,,,
,,,,,,
,,,,,,
,,,,,,
10182,['Does chicago own the washington station on the CTA Blue Line?'],"['http://dbpedia.org/property/owned,']",[],,,
10183,['Give the distinct number of other party of the people which have one of the party as Janata Party ?'],"['http://dbpedia.org/ontology/otherParty,http://dbpedia.org/ontology/otherParty,']","[' [        ""http://dbpedia.org/ontology/party"",         ""http://dbpedia.org/property/party""    ]']",['0.666666666667'],['1.0'],
10184,"['Count the units garrisoned at Arlington County, Virginia.']","['http://dbpedia.org/ontology/garrison,http://dbpedia.org/ontology/MilitaryUnit,']",[' [        "http://dbpedia.org/ontology/garrison"    ]'],['1.0'],['1.0'],
10185,['List all the co-founders of the non for profit which have founding member as David pressman ?'],"['http://dbpedia.org/ontology/foundedBy,http://dbpedia.org/ontology/foundedBy,http://dbpedia.org/ontology/Non-ProfitOrganisation,']","[' [        ""http://dbpedia.org/ontology/successor"",         ""http://dbpedia.org/ontology/activeYearsStartDate""    ]']",['0.0'],['0.0'],
,,,,,,
,,,,,,
,,,,,,
,,,,,,
,,,,,,
,,,,,,
,,,,,,
10193,['Who coached the marquet golden eagels during 2013'],"['http://dbpedia.org/ontology/coach,']",[],,,
10194,['Is Tea the main ingredient of Lahpet?'],"['http://dbpedia.org/property/mainIngredient,']",[],,,
10195,['Which tenant of New Sanno Hotel is the military branch of the Gary Holder-Winfield ?'],"['http://dbpedia.org/ontology/tenant,http://dbpedia.org/ontology/militaryBranch,']","[' [        ""http://dbpedia.org/ontology/tenant"",         ""http://dbpedia.org/ontology/militaryBranch""    ]']",['1.0'],['1.0'],
10196,['How many destinations are covered by the airlines which also serves Europe ?'],"['http://dbpedia.org/property/destinations,http://dbpedia.org/property/destinations,']",[],,,
10197,['How many famous people are born in Long Island?'],"['http://dbpedia.org/ontology/birthPlace,']",[' [        "http://dbpedia.org/ontology/birthPlace"    ]'],['1.0'],['1.0'],
,,,,,,
10199,['What are the movies whose cinematographer is Gregg Toland?'],"['http://dbpedia.org/ontology/cinematography,http://dbpedia.org/ontology/Film,']",[' [        "http://dbpedia.org/ontology/director"    ]'],['0.5'],['1.0'],
10200,['Who is the person who are on the board of Freedom of the City?'],"['http://dbpedia.org/ontology/board,http://dbpedia.org/ontology/Person,']",[' [        "http://dbpedia.org/ontology/board"    ]'],['1.0'],['1.0'],
,,,,,,
,,,,,,
10203,['List the ingredient of Blodpalt ?'],"['http://dbpedia.org/ontology/ingredient,']",[' [        "http://dbpedia.org/ontology/ingredient"    ]'],['1.0'],['1.0'],
,,,,,,
10205,['Who is the performer of Bengali in Platforms ?'],"['http://dbpedia.org/ontology/artist,']",[' [        "http://purl.org/dc/terms/subject"    ]'],['0.0'],['0.0'],
,,,,,,
10207,['What are some fictional characters whose voice is in the peanuts movie?'],"['http://dbpedia.org/ontology/voice,']",[' [        "http://dbpedia.org/ontology/voice"    ]'],['1.0'],['1.0'],
10208,['What is the total number of other tenant of the stadia whose one of the tenant is Raptors 905?'],"['http://dbpedia.org/ontology/tenant,http://dbpedia.org/ontology/tenant,']",[' [        "http://dbpedia.org/ontology/tenant"    ]'],['1.0'],['1.0'],
10209,['In how many places have Irishmen died?'],"['http://dbpedia.org/property/birthPlace,http://dbpedia.org/ontology/deathPlace,http://dbpedia.org/ontology/Location,']","[' [        ""http://dbpedia.org/property/foundedPlace"",         ""http://dbpedia.org/property/populationRank""    ]']",['0.0'],['0.0'],
,,,,,,
,,,,,,
,,,,,,
,,,,,,
,,,,,,
10215,['What team has  players  born in Dominican Republic ?'],"['http://dbpedia.org/property/birthPlace,http://dbpedia.org/ontology/team,']",[' [        "http://dbpedia.org/ontology/birthPlace"    ]'],['0.5'],['1.0'],
,,,,,,
10217,"['What cities does the river goes through, whose tributary is the little black river in Arkansas?']","['http://dbpedia.org/ontology/leftTributary,http://dbpedia.org/ontology/city,http://dbpedia.org/ontology/River,']",[' [        "http://dbpedia.org/ontology/leftTributary"    ]'],['1.0'],['1.0'],
10218,['How many other characters are there of the plays which has a  characters name Joker (comics) ?'],"['http://dbpedia.org/property/characters,http://dbpedia.org/property/characters,']",[],,,
10219,['For how many other teams have the former players of Boston Bruins played?'],"['http://dbpedia.org/ontology/formerTeam,http://dbpedia.org/property/playedFor,http://dbpedia.org/ontology/SportsTeam,']",[' [        "http://dbpedia.org/ontology/team"    ]'],['0.0'],['0.0'],
,,,,,,
10221,['Who is the author of Karakuri Dji Ultimo ?'],"['http://dbpedia.org/ontology/author,']",[],,,
10222,['Was the  2d Command and Control Squadron barracked in Colorado?'],"['http://dbpedia.org/ontology/garrison,']",[' [        "http://dbpedia.org/ontology/birthPlace"    ]'],['0.0'],['0.0'],
10223,"['Who is the founder of Hohenau, Paraguay?']","['http://dbpedia.org/ontology/founder,']",[' [        "http://dbpedia.org/ontology/founder"    ]'],['1.0'],['1.0'],
,,,,,,
10225,['Count the number teams which have  former ice hockey players which also included American Hockey League ?'],"['http://dbpedia.org/ontology/formerTeam,http://dbpedia.org/ontology/formerTeam,']",[' [        "http://dbpedia.org/ontology/formerTeam"    ]'],['1.0'],['1.0'],
,,,,,,
,,,,,,
10228,['Which political figures were awarded Screen Actors Guild Life Achievement Award?'],"['http://dbpedia.org/ontology/award,']",[' [        "http://dbpedia.org/ontology/award"    ]'],['1.0'],['1.0'],
,,,,,,
,,,,,,
10231,['How many different layouts do cars designed by Oliver Boulay have?'],"['http://dbpedia.org/property/designer,http://dbpedia.org/ontology/layout,']",[],,,
,,,,,,
10233,["How many other Guests are there of the television episodes whose Guests is Brian d'Arcy James ?"],"['http://dbpedia.org/property/guests,http://dbpedia.org/property/guests,']",[],,,
,,,,,,
,,,,,,
10236,['How many mammals are in the Chordate phylum?'],"['http://dbpedia.org/property/phylum,http://dbpedia.org/ontology/Mammal,']",[],,,
,,,,,,
,,,,,,
10239,['Name the species of Southwest African lion ?'],"['http://dbpedia.org/ontology/species,']",[' [        "http://dbpedia.org/ontology/species"    ]'],['1.0'],['1.0'],
,,,,,,
,,,,,,
,,,,,,
,,,,,,
,,,,,,
10245,['Is Mike Babcock the head coach of Toronto Maple Leafs?'],"['http://dbpedia.org/property/headCoach,']",[],,,
,,,,,,
10247,['What honours did Reigh Count receive?'],"['http://dbpedia.org/ontology/honours,']",[' [        "http://dbpedia.org/ontology/honours"    ]'],['1.0'],['1.0'],
,,,,,,
,,,,,,
,,,,,,
,,,,,,
,,,,,,
10253,['Who is the fictional character whose relative is Vestigial Peter?'],"['http://dbpedia.org/ontology/relative,http://dbpedia.org/ontology/FictionalCharacter,']",[' [        "http://dbpedia.org/ontology/relative"    ]'],['1.0'],['1.0'],
10254,['What are a few molluscas whose family is Buccinidae?'],"['http://dbpedia.org/ontology/family,http://dbpedia.org/ontology/Mollusca,']",[' [        "http://dbpedia.org/ontology/family"    ]'],['1.0'],['1.0'],
10255,['What type of government is elected in Kumta?'],"['http://dbpedia.org/ontology/governmentType,']",[' [        "http://dbpedia.org/ontology/type"    ]'],['0.0'],['0.0'],
10256,['What is the television show whose subsequent work is Crusade (TV series) and developed by  J. Michael Straczynski?'],"['http://dbpedia.org/ontology/subsequentWork,http://dbpedia.org/ontology/developer,http://dbpedia.org/ontology/TelevisionShow,']","[' [        ""http://dbpedia.org/ontology/subsequentWork"",         ""http://dbpedia.org/ontology/developer""    ]']",['1.0'],['1.0'],
,,,,,,
,,,,,,
10259,['Who is the performer of the album whose subsequent work is Willie Nelson and Family ?'],"['http://dbpedia.org/ontology/subsequentWork,http://dbpedia.org/ontology/artist,']","[' [        ""http://dbpedia.org/ontology/subsequentWork"",         ""http://dbpedia.org/property/type""    ]']",['0.5'],['0.5'],
10260,['Name the debut team of Dan Otero ?'],"['http://dbpedia.org/ontology/debutTeam,']",[' [        "http://dbpedia.org/ontology/debutTeam"    ]'],['1.0'],['1.0'],
,,,,,,
,,,,,,
10263,['Count the total number of software whose programming language is C++ and operating system is Microsoft Windows?'],"['http://dbpedia.org/property/programmingLanguage,http://dbpedia.org/ontology/operatingSystem,']",[' [        "http://dbpedia.org/property/language"    ]'],['0.0'],['0.0'],
10264,['How many albums were released under the Victor Entertainment label?'],"['http://dbpedia.org/property/label,http://dbpedia.org/ontology/Album,']",[' [        "http://dbpedia.org/property/label"    ]'],['1.0'],['1.0'],
10265,['Does NOAAS Davidson (S 331) have a homeport in Seattle?'],"['http://dbpedia.org/ontology/homeport,']",[' [        "http://dbpedia.org/ontology/homeport"    ]'],['1.0'],['1.0'],
10266,['Which company owns Evraz ?'],"['http://dbpedia.org/ontology/owningCompany,']",[' [        "http://dbpedia.org/ontology/owningCompany"    ]'],['1.0'],['1.0'],
10267,['Who is the leader of Panki block ?'],"['http://dbpedia.org/ontology/leaderName,']",[' [        "http://dbpedia.org/ontology/region"    ]'],['0.0'],['0.0'],
10268,['Name the species of Liger ?'],"['http://dbpedia.org/ontology/species,']",[' [        "http://dbpedia.org/ontology/species"    ]'],['1.0'],['1.0'],
,,,,,,
10270,['Which television shows has sound format as 5.1 surround?'],"['http://dbpedia.org/ontology/format,http://dbpedia.org/ontology/TelevisionShow,']",[' [        "http://dbpedia.org/ontology/format"    ]'],['1.0'],['1.0'],
,,,,,,
10272,['Name the TV show whose opening theme is Gary Portnoy and the subsequent work is Frasier?'],"['http://dbpedia.org/ontology/openingTheme,http://dbpedia.org/ontology/subsequentWork,http://dbpedia.org/ontology/TelevisionShow,']","[' [        ""http://dbpedia.org/ontology/openingTheme"",         ""http://dbpedia.org/ontology/subsequentWork""    ]']",['1.0'],['1.0'],
10273,['How many movies did Joel Schumacher direct?'],"['http://dbpedia.org/ontology/director,http://dbpedia.org/ontology/Film,']",[' [        "http://dbpedia.org/ontology/director"    ]'],['1.0'],['1.0'],
,,,,,,
10275,['Who is the owner of Saumarez ?'],"['http://dbpedia.org/ontology/owner,']",[' [        "http://dbpedia.org/ontology/owner"    ]'],['1.0'],['1.0'],
,,,,,,
10277,['How many owners are there of things located in Alabama?'],"['http://dbpedia.org/ontology/city,http://dbpedia.org/ontology/owner,']",[' [        "http://dbpedia.org/ontology/birthPlace"    ]'],['0.0'],['0.0'],
,,,,,,
10279,['How many cities are around the sea into which the aegean sea flows?'],"['http://dbpedia.org/ontology/outflow,http://dbpedia.org/property/cities,http://dbpedia.org/ontology/Sea,']",[' [        "http://dbpedia.org/ontology/sea"    ]'],['0.0'],['0.0'],
,,,,,,
,,,,,,
,,,,,,
,,,,,,
10284,['what awards have been giving to Muhammad Yunus?'],"['http://dbpedia.org/ontology/award,']",[' [        "http://dbpedia.org/ontology/birthPlace"    ]'],['0.0'],['0.0'],
10285,['How many teams have LA kings players in them currently?'],"['http://dbpedia.org/ontology/formerTeam,http://dbpedia.org/ontology/team,http://dbpedia.org/ontology/SportsTeam,']","[' [        ""http://dbpedia.org/ontology/team"",         ""http://dbpedia.org/property/team""    ]']",['0.5'],['0.5'],
,,,,,,
10287,['What is the region of Tom Perriello ?'],"['http://dbpedia.org/ontology/region,']",[' [        "http://dbpedia.org/ontology/region"    ]'],['1.0'],['1.0'],
,,,,,,
10289,['Is National Archaeological Museum (Florence) the museum of Chimera of Arezzo?'],"['http://dbpedia.org/property/museum,']",[],,,
10290,['Who are the associate musical artists of Dalma Kovcs ?'],"['http://dbpedia.org/ontology/associatedMusicalArtist,']",[],,,
,,,,,,
10292,"['Give me all commanders which had an important role in both, the Battle of Fort Stephenson and Battle of the Thames?']","['http://dbpedia.org/ontology/commander,http://dbpedia.org/ontology/commander,']","[' [        ""http://dbpedia.org/ontology/commander"",         ""http://dbpedia.org/ontology/battle""    ]']",['1.0'],['1.0'],
10293,['What is the commander of Battle of Brownstown ?'],"['http://dbpedia.org/ontology/commander,']",[' [        "http://dbpedia.org/ontology/commander"    ]'],['1.0'],['1.0'],
10294,["What religion's politicians are in the Malaysian Chinese association?"],"['http://dbpedia.org/ontology/party,http://dbpedia.org/ontology/religion,http://dbpedia.org/ontology/Politician,']",[' [        "http://dbpedia.org/property/party"    ]'],['0.5'],['1.0'],
,,,,,,
10296,['Who developed the programming languages designed by Rob Pike?'],"['http://dbpedia.org/ontology/designer,http://dbpedia.org/ontology/developer,http://dbpedia.org/ontology/ProgrammingLanguage,']","[' [        ""http://dbpedia.org/ontology/spouse"",         ""http://dbpedia.org/ontology/designer""    ]']",['0.666666666667'],['1.0'],
10297,['List down the prime ministers of Peter Thorneycroft ?'],"['http://dbpedia.org/ontology/primeMinister,']",[' [        "http://dbpedia.org/ontology/primeMinister"    ]'],['1.0'],['1.0'],
10298,['list some companies founded by Jim Harris.'],"['http://dbpedia.org/ontology/foundedBy,']",[' [        "http://dbpedia.org/ontology/foundedBy"    ]'],['1.0'],['1.0'],
,,,,,,
,,,,,,
10301,['How many writers worked on the album Main Course?'],"['http://dbpedia.org/property/album,http://dbpedia.org/property/writer,']",[' [        "http://dbpedia.org/ontology/album"    ]'],['0.5'],['1.0'],
10302,['Count the number of shows whose creators are Jerry Seinfeld and Larry David?'],"['http://dbpedia.org/ontology/creator,http://dbpedia.org/ontology/creator,']",[' [        "http://dbpedia.org/ontology/creator"    ]'],['1.0'],['1.0'],
10303,['How many broadcast area of the television stations exists whose broadcast area is Rodrigues ?'],"['http://dbpedia.org/property/broadcastArea,http://dbpedia.org/property/broadcastArea,']",[],,,
,,,,,,
,,,,,,
10306,['Who founded the Not on our Watch NGO?'],"['http://dbpedia.org/ontology/foundedBy,']",[' [        "http://dbpedia.org/ontology/location"    ]'],['0.5'],['1.0'],
10307,['Who first ascented a mountain of Mount Hoffmann ?'],"['http://dbpedia.org/ontology/firstAscentPerson,']",[' [        "http://dbpedia.org/property/wordnet_type"    ]'],['0.0'],['0.0'],
,,,,,,
10309,['In how many countries do the rivers start which end at the Caspian Sea?'],"['http://dbpedia.org/ontology/riverMouth,http://dbpedia.org/ontology/sourceCountry,http://dbpedia.org/ontology/Country,']",[' [        "http://dbpedia.org/ontology/country"    ]'],['0.0'],['0.0'],
10310,['Who are the former partners of the figure skaters whose performance have been choreographed by Catarina Lindgren in the past?'],"['http://dbpedia.org/ontology/formerChoreographer,http://dbpedia.org/ontology/formerPartner,http://dbpedia.org/ontology/FigureSkater,']",[' [        "http://dbpedia.org/ontology/country"    ]'],['0.0'],['0.0'],
10311,['Which holy things canonized John of Damascus?'],"['http://dbpedia.org/ontology/canonizedBy,']",[' [        "http://dbpedia.org/property/canonizedDate"    ]'],['0.0'],['0.0'],
,,,,,,
,,,,,,
10314,['Is Pixar Canada a subsidiary of Pixar?'],"['http://dbpedia.org/ontology/subsidiary,']",[' [        "http://dbpedia.org/ontology/subsidiary"    ]'],['1.0'],['1.0'],
,,,,,,
,,,,,,
10317,['List the notable work of David Isaacs (writer)?'],"['http://dbpedia.org/ontology/notableWork,']",[' [        "http://dbpedia.org/ontology/notableWork"    ]'],['1.0'],['1.0'],
10318,['Tirana is the largest city of which country?'],"['http://dbpedia.org/ontology/largestCity,http://dbpedia.org/ontology/Country,']",[' [        "http://dbpedia.org/property/city"    ]'],['0.0'],['0.0'],
,,,,,,
10320,['Was the Army Air Corps honored for the battle of Iraq?'],"['http://dbpedia.org/property/battleHonours,']",[],,,
,,,,,,
,,,,,,
10323,['Is Truth prevails the national motto of Czechoslovakia?'],"['http://dbpedia.org/property/nationalMotto,']",[],,,
,,,,,,
10325,["Which football players have Newell's Old Boys as youthclub?"],"['http://dbpedia.org/property/youthclubs,']",[' [        "http://dbpedia.org/property/club"    ]'],['0.0'],['0.0'],
,,,,,,
10327,['Which educational institution of Jack Mcgregor is also the alma mater of Donn barber ?'],"['http://dbpedia.org/ontology/education,http://dbpedia.org/ontology/education,']",[' [        "http://dbpedia.org/ontology/country"    ]'],['0.0'],['0.0'],
,,,,,,
,,,,,,
10330,['List the ceremonial county of East Tilbury ?'],"['http://dbpedia.org/ontology/ceremonialCounty,']",[' [        "http://dbpedia.org/ontology/ceremonialCounty"    ]'],['1.0'],['1.0'],
10331,['How many people are there who have relationship with Kennedy family?'],"['http://dbpedia.org/ontology/relation,']",[' [        "http://dbpedia.org/ontology/relation"    ]'],['1.0'],['1.0'],
,,,,,,
,,,,,,
,,,,,,
,,,,,,
,,,,,,
,,,,,,
,,,,,,
,,,,,,
,,,,,,
10341,["How many races have the horses bred by Jacques Van't Hart participated in?"],"['http://dbpedia.org/ontology/breeder,http://dbpedia.org/property/race,']",[' [        "http://dbpedia.org/ontology/breeder"    ]'],['1.0'],['1.0'],
10342,['Name the mouth country of Upper Neretva ?'],"['http://dbpedia.org/ontology/mouthCountry,']",[' [        "http://dbpedia.org/ontology/country"    ]'],['0.0'],['0.0'],
10343,['In how many regions is English American spoken?'],"['http://dbpedia.org/property/region,']",[' [        "http://dbpedia.org/property/region"    ]'],['1.0'],['1.0'],
10344,['Is Ella Fitzgerald associated with Mickey Roker?'],"['http://dbpedia.org/ontology/associatedBand,']",[' [        "http://dbpedia.org/ontology/associatedBand"    ]'],['1.0'],['1.0'],
10345,['Does Cascade Airways have a hub in Seattle?'],"['http://dbpedia.org/ontology/hubAirport,']",[' [        "http://dbpedia.org/ontology/hubAirport"    ]'],['1.0'],['1.0'],
10346,['How many services does the company who made Onedrive provide?'],"['http://dbpedia.org/ontology/service,http://dbpedia.org/property/services,']",[' [        "http://dbpedia.org/property/onlineService"    ]'],['0.0'],['0.0'],
,,,,,,
,,,,,,
,,,,,,
,,,,,,
10351,['List the movies directed by Stanley Kubrick?'],"['http://dbpedia.org/ontology/director,http://dbpedia.org/ontology/Film,']",[' [        "http://dbpedia.org/ontology/director"    ]'],['1.0'],['1.0'],
,,,,,,
10353,['How many first drivers have participated when Scuderia Ferrari was a first team?'],"['http://dbpedia.org/property/firstTeam,http://dbpedia.org/ontology/firstDriver,']",[],,,
,,,,,,
10355,['Name all the bands which have members of QDT in them.'],"['http://dbpedia.org/ontology/bandMember,http://dbpedia.org/ontology/associatedBand,']","[' [        ""http://dbpedia.org/ontology/bandMember"",         ""http://dbpedia.org/ontology/associatedBand""    ]']",['1.0'],['1.0'],
10356,['Which publisher of Stone Canoe is also the university for which Michael Powell plays for ?'],"['http://dbpedia.org/ontology/publisher,http://dbpedia.org/ontology/team,']","[' [        ""http://dbpedia.org/ontology/publisher"",         ""http://dbpedia.org/ontology/team""    ]']",['1.0'],['1.0'],
,,,,,,
10358,['What are the movies directed by Joel Schumacher?'],"['http://dbpedia.org/ontology/director,http://dbpedia.org/ontology/Film,']",[' [        "http://dbpedia.org/ontology/director"    ]'],['1.0'],['1.0'],
,,,,,,
,,,,,,
10361,['How many companies serve the Australian region?'],"['http://dbpedia.org/ontology/regionServed,http://dbpedia.org/ontology/Company,']",[' [        "http://dbpedia.org/ontology/region"    ]'],['0.0'],['0.0'],
,,,,,,
10363,"['Who was the opponent of Robert Carr, 1st Earl of Somerset ?']","['http://dbpedia.org/ontology/opponent,']",[' [        "http://dbpedia.org/ontology/opponent"    ]'],['1.0'],['1.0'],
10364,['Give me the total number of architect of the buildings whose one of the  architect was Louis D. Astorino?'],"['http://dbpedia.org/property/architect,http://dbpedia.org/property/architect,']","[' [        ""http://dbpedia.org/ontology/architect"",         ""http://dbpedia.org/property/architect""    ]']",['1.0'],['1.0'],
,,,,,,
10366,['List the leaders of the government agencies whose jurisdiction was German-occupied Europe.'],"['http://dbpedia.org/ontology/jurisdiction,http://dbpedia.org/ontology/leader,http://dbpedia.org/ontology/GovernmentAgency,']",[' [        "http://dbpedia.org/ontology/jurisdiction"    ]'],['1.0'],['1.0'],
10367,"[""What is the total number of awards whose presenter's headquarters is Beverly Hills, California?""]","['http://dbpedia.org/property/headquarters,http://dbpedia.org/ontology/presenter,http://dbpedia.org/ontology/Award,']",[' [        "http://dbpedia.org/property/headquarters"    ]'],['1.0'],['1.0'],
10368,['Count the total number of launch site of the rockets which have been launched form Cape Canaveral Air Force Station ?'],"['http://dbpedia.org/ontology/launchSite,http://dbpedia.org/ontology/launchSite,']","[' [        ""http://dbpedia.org/ontology/launchSite"",         ""http://dbpedia.org/property/launchSite""    ]']",['1.0'],['1.0'],
,,,,,,
10370,['Name the home town of Cline Buckens ?'],"['http://dbpedia.org/ontology/hometown,']",[],,,
10371,['Was Cliff Burton in Metallica?'],"['http://dbpedia.org/property/pastMembers,']",[],,,
10372,["What are the television shows whose network's sister station is BBC Two?"],"['http://dbpedia.org/ontology/sisterStation,http://dbpedia.org/ontology/network,http://dbpedia.org/ontology/TelevisionShow,']","[' [        ""http://dbpedia.org/ontology/sisterStation"",         ""http://dbpedia.org/property/network""    ]']",['0.666666666667'],['1.0'],
,,,,,,
,,,,,,
10375,['By which companies is RENFE Class 333 designed?'],"['http://dbpedia.org/ontology/designer,']",[' [        "http://dbpedia.org/ontology/designer"    ]'],['1.0'],['1.0'],
10376,['Does the asiana airlines fly into the Gimhae International Airport?'],"['http://dbpedia.org/ontology/targetAirport,']",[' [        "http://dbpedia.org/ontology/location"    ]'],['0.5'],['1.0'],
10377,['What is the state of the senator whose successor is Nathaniel P. Hill ?'],"['http://dbpedia.org/ontology/successor,http://dbpedia.org/property/state,http://dbpedia.org/ontology/Senator,']","[' [        ""http://dbpedia.org/ontology/successor"",         ""http://dbpedia.org/property/state""    ]']",['1.0'],['1.0'],
10378,['Count the awards given to the recepients of the Becket fund for religious liberty.'],"['http://dbpedia.org/ontology/award,http://dbpedia.org/property/awards,']",[],,,
10379,['What is the president whose lieutenants are Winston Bryant and Joe Purcell?'],"['http://dbpedia.org/ontology/lieutenant,http://dbpedia.org/ontology/lieutenant,http://dbpedia.org/ontology/President,']","[' [        ""http://dbpedia.org/ontology/lieutenant"",         ""http://dbpedia.org/ontology/president""    ]']",['1.0'],['1.0'],
,,,,,,
,,,,,,
10382,['To which military division does Clark Daniel Stearns belong?'],"['http://dbpedia.org/ontology/militaryBranch,']",[' [        "http://dbpedia.org/ontology/militaryRank"    ]'],['0.0'],['0.0'],
10383,"['What are the resting places of the associates of John Betts a, Connecticut politician?']","['http://dbpedia.org/ontology/associate,http://dbpedia.org/ontology/restingPlace,']",[' [        "http://dbpedia.org/ontology/associate"    ]'],['1.0'],['1.0'],
10384,['Give me a count of mammals whose family is Canidae?'],"['http://dbpedia.org/ontology/family,http://dbpedia.org/ontology/Mammal,']",[' [        "http://dbpedia.org/ontology/family"    ]'],['1.0'],['1.0'],
10385,["What sports can be played in Kharghar's schools"],"['http://dbpedia.org/ontology/city,http://dbpedia.org/ontology/sport,http://dbpedia.org/ontology/School,']",[' [        "http://dbpedia.org/property/location"    ]'],['0.0'],['0.0'],
10386,['For which team does Ramiro Pea play ?'],"['http://dbpedia.org/ontology/team,']",[],,,
,,,,,,
,,,,,,
10389,['Name the serving line of Daund Junction railway station?'],"['http://dbpedia.org/ontology/servingRailwayLine,']",[' [        "http://dbpedia.org/ontology/servingRailwayLine"    ]'],['1.0'],['1.0'],
,,,,,,
,,,,,,
10392,['Who are the people who influenced the writers of Evenor ?'],"['http://dbpedia.org/ontology/author,http://dbpedia.org/ontology/influenced,']",[' [        "http://dbpedia.org/property/author"    ]'],['0.0'],['0.0'],
,,,,,,
,,,,,,
10395,['How many scientists are known for the Manhatten Project?'],"['http://dbpedia.org/property/knownFor,http://dbpedia.org/ontology/Scientist,']",[],,,
,,,,,,
,,,,,,
10398,['What is the television show whose executive producer is Douglas Netter?'],"['http://dbpedia.org/ontology/executiveProducer,http://dbpedia.org/ontology/TelevisionShow,']",[' [        "http://dbpedia.org/ontology/executiveProducer"    ]'],['1.0'],['1.0'],
10399,['Whihc alma mater of angela Trusty is also the training center of David Scherman ?'],"['http://dbpedia.org/ontology/training,http://dbpedia.org/ontology/almaMater,']","[' [        ""http://dbpedia.org/ontology/training"",         ""http://dbpedia.org/ontology/almaMater""    ]']",['1.0'],['1.0'],
,,,,,,
10401,['Which successor of Philippine Ports Authority is the state of origin of Ruben J. Villote ?'],"['http://dbpedia.org/ontology/successor,http://dbpedia.org/ontology/stateOfOrigin,']","[' [        ""http://dbpedia.org/ontology/successor"",         ""http://dbpedia.org/ontology/birthPlace""    ]']",['0.5'],['0.5'],
10402,['Who is the spouse of Willian Menalaus?'],"['http://dbpedia.org/ontology/spouse,']",[' [        "http://dbpedia.org/ontology/spouse"    ]'],['1.0'],['1.0'],
10403,['Is Joe Schilling the trainer of Nick Diaz?'],"['http://dbpedia.org/ontology/trainer,']",[' [        "http://dbpedia.org/ontology/trainer"    ]'],['1.0'],['1.0'],
10404,['Is James Hetfield a band member of Metallica?'],"['http://dbpedia.org/ontology/bandMember,']",[' [        "http://dbpedia.org/ontology/bandMember"    ]'],['1.0'],['1.0'],
10405,['Which baseball team is managed by Bruce Bochy?'],"['http://dbpedia.org/ontology/manager,http://dbpedia.org/ontology/BaseballTeam,']",[' [        "http://dbpedia.org/ontology/team"    ]'],['0.0'],['0.0'],
,,,,,,
,,,,,,
,,,,,,
10409,['What novels are belong to the genre of Utopian and dystopian fiction?'],"['http://dbpedia.org/ontology/literaryGenre,']",[' [        "http://dbpedia.org/ontology/genre"    ]'],['0.0'],['0.0'],
10410,['What is the programme format of WWTR ?'],"['http://dbpedia.org/ontology/programmeFormat,']",[' [        "http://dbpedia.org/ontology/programmeFormat"    ]'],['1.0'],['1.0'],
10411,['What is the home ground of the clubs managed by Ciao Zanardi?'],"['http://dbpedia.org/ontology/manager,http://dbpedia.org/ontology/ground,http://dbpedia.org/ontology/SoccerClubSeason,']",[' [        "http://dbpedia.org/ontology/manager"    ]'],['1.0'],['1.0'],
